latitude, longitude, showroom, location
17.534790266145, 78.48843650889464, croma, kompally
17.48564448750532, 78.41426820208633, croma, kukatpally
17.485427195766935, 78.39005802480963, croma, kukatpally
17.462515791179467, 78.50100480889462, croma, karkhana
17.45935208826976, 78.43327709527799, croma, sanath nagar
17.484733431677917, 78.55423132480963, croma, a s rao nagar
17.50541744838623, 78.36244512480962, croma, miyapur
17.44533056445803, 78.50605946344798, croma, marredpally
17.466914001464843, 78.36784414753298, croma, kondapur
17.49911531318485, 78.34073124753297, croma, madinaguda
17.43874773593691, 78.39988209527799, croma, jubilee hills
17.438911507315726, 78.40142704753296, croma, jubilee hills
17.42402054026085, 78.45463947936298, croma, panjagutta
17.461692554051105, 78.36429930208634, croma, gachibowli
17.44132471217874, 78.48806457936297, croma, ranigunj
17.49195919654176, 78.60200554753297, croma, nagaram
17.40096358185027, 78.48153346344797, croma, hyderguda
17.421103765413328, 78.36329352480965, croma, khajaguda
17.40958498068248, 78.38444576344799, croma, manikonda
17.4305478798232, 78.55083584072464, croma, nacharam
17.471662084234957, 78.31156445434128, croma, serilingampalle
17.243970608162176, 78.42909957291064, croma, shamshabad
17.430518052204082, 78.55011625017943, croma, nacharam
17.413557511977533, 78.60569297973865, croma, boduppal
17.492204781782508, 78.60226304110425, croma, nagaram
17.334819620502184, 78.55188505017944, croma, hastinapuram
17.34448247606866, 78.56191175700744, croma, vanasthalipuram
17.355788182586355, 78.54629057273748, croma, lb nagar
17.346976387120787, 78.53478453427626, croma, karmanghat
17.37155278600939, 78.52774641828651, croma, dilsukhnagar
17.359613098932805, 78.38042921154504, croma, bandlaguda
17.36198522642869, 78.42678197973865, croma, attapur
17.495980775921264, 78.40690035181903, vijay sales, kukatpally
17.467814658687953, 78.36645872744823, vijay sales, kondapur
17.497871392471946, 78.34821974110426, vijay sales, madinaguda
17.502361372796546, 78.31382523427624, vijay sales, bhel
17.405703057473097, 78.41087183427621, vijay sales, tolichowki
17.362032354599464, 78.38555457291064, vijay sales, bandlaguda
17.366964248522695, 78.42796081154502, vijay sales, attapur
17.40234935625308, 78.44632857766464, vijay sales, mehdipatnam
17.509719785566094, 78.47853927291064, vijay sales, kompally
17.447664016652336, 78.4682395909744, vijay sales, begumpet
17.352421882528642, 78.47166593427623, vijay sales, shalibanda
17.31838217148989, 78.44682691154503, vijay sales, bandlaguda
17.376574257878435, 78.50152325017942, vijay sales, malakpet
17.50757366402397, 78.47748099564184, vijay sales, kompally
17.334698722822353, 78.48740467291064, vijay sales, chandrayangutta
17.349715764631956, 78.52003197291066, vijay sales, champapet
17.4042700883567, 78.50544075683429, vijay sales, nallakunta
17.48176041734533, 78.55979337973865, vijay sales, a s rao nagar
17.3638743624559, 78.54397349564184, vijay sales, kothapet
17.42874292524441, 78.54980998207236, vijay sales, nacharam
17.36928095448594, 78.55770640489014, vijay sales, nagole
17.334544918123285, 78.55238490255643, vijay sales, hastinapuram
17.343556912697867, 78.56433291154502, vijay sales, chintalkunta
17.34743665394393, 78.52877618881384, vijay sales, karmanghat
17.411613943568213, 78.59640533427624, vijay sales, boduppal
17.492736550519307, 78.60045108881381, vijay sales, nagaram
17.427917909363615, 78.45326187291064, bajaj electronics, panjagutta
17.442777209414448, 78.48712171154503, bajaj electronics, secunderabad
17.412557525381562, 78.45020479564187, bajaj electronics, banjara hills
17.512731158136393, 78.48001395700746, bajaj electronics, kompally
17.477767965772852, 78.57067991154503, bajaj electronics, ecil
17.409513282673537, 78.49666769564185, bajaj electronics, chikkadpally
17.48195604946927, 78.55949509564185, bajaj electronics, a s rao nagar
17.40968148081156, 78.46413655017943, bajaj electronics, lakdikapul
17.492812080261213, 78.44900106608262, bajaj electronics, chintal
17.41136464762351, 78.59782317973865, bajaj electronics, boduppal
17.51824598545716, 78.48047555700745, bajaj electronics, kompally
17.411807747768385, 78.45049815700744, bajaj electronics, chevella
17.41876248405821, 78.54614505700745, bajaj electronics, habsiguda
17.406691131997313, 78.48336014110426, bajaj electronics, himayatnagar
17.442596303891435, 78.44228113427624, bajaj electronics, s r nagar
17.425284262464665, 78.54496838881383, bajaj electronics, nacharam
17.515967007082143, 78.46237132744822, bajaj electronics, jeedimetla
17.403594730627784, 78.50669095700744, bajaj electronics, nallakunta
17.44296363882173, 78.44251119564186, bajaj electronics, ameerpet
17.401463379448426, 78.53783803427625, bajaj electronics, ramanthapur
17.459685960078836, 78.49790035017944, bajaj electronics, karkhana
17.459648805144838, 78.45125074110425, bajaj electronics, sanath nagar
17.389866525886376, 78.47599929564184, bajaj electronics, abids
17.499255570562184, 78.39600477291064, bajaj electronics, kukatpally
17.427245112335914, 78.45458219564185, bajaj electronics, panjagutta
17.406277742737593, 78.41094925700749, bajaj electronics, tolichowki
17.371851172036692, 78.52231655700746, bajaj electronics, dilsukhnagar
17.41153674730391, 78.40221702520107, bajaj electronics, shaikpet
17.37672168528595, 78.50160349564185, bajaj electronics, malakpet
17.51521065308456, 78.38436447291066, bajaj electronics, nizampet
17.368271390968218, 78.42799463427623, bajaj electronics, attapur
17.367134699778976, 78.54384259564183, bajaj electronics, kothapet
17.387912181612727, 78.48338603427625, bajaj electronics, koti
17.447345622957364, 78.35457549564187, bajaj electronics, gachibowli
17.49843274069144, 78.36487517757811, bajaj electronics, miyapur
17.437157772531926, 78.38665049564185, bajaj electronics, madhapur
17.421366016945008, 78.43830639564187, bajaj electronics, tolichowki
17.349230243834615, 78.41704400246986, bajaj electronics, chintalmet
17.354691389105653, 78.47333247973864, bajaj electronics, shalibanda
17.440793574881383, 78.39761007291064, bajaj electronics, jubilee hills
17.46607609323015, 78.36764665700747, bajaj electronics, kondapur
17.34838540460418, 78.52872717291064, bajaj electronics, karmanghat
17.343464294709495, 78.5629826888138, bajaj electronics, vanasthalipuram
17.63864567791104, 78.48542323427623, bajaj electronics, medchal
17.515881628131336, 78.44738465700743, bajaj electronics, chintal
17.49815238804248, 78.3457728888138, bajaj electronics, madeenaguda
17.370575641367818, 78.55718077291063, bajaj electronics, nagole
17.329800029503208, 78.60247817291068, bajaj electronics, hayathnagar
17.486413541925153, 78.38850947291061, bajaj electronics, kphb
17.390791280170276, 78.47607259564184, bajaj electronics, abids
17.498210887120326, 78.32351423427625, bajaj electronics, chandanagar
17.32704262084772, 78.47107815017944, bajaj electronics, chandrayangutta
17.500147337856866, 78.31549834110423, bajaj electronics, r c puram
17.328942098588563, 78.55600967291065, bajaj electronics, hastinapuram
17.32371013363956, 78.51898065017943, bajaj electronics, balapur
17.266445761480497, 78.38968579564184, bajaj electronics, shamshabad
17.52977174444451, 78.26623751154503, bajaj electronics, patancheru
17.471599585503206, 78.56458775700746, bajaj electronics, moula ali
17.258840553908126, 78.58648667973868, bajaj electronics, manneguda
17.59483052685895, 78.08376477291065, bajaj electronics, sangareddy
17.194593608808614, 78.64796897973866, baja electronics, ibrahimpatnam